Fecha,Temp_Ventila_C,Salinidad_psu,Actividad_Agua_aw,Radiacion_Infrarroja_W_m2
2025-01-01 00:00:00+00:00,2.360089920857847,34.52531963451965,0.9817015805937046,320.1541742462807
2025-01-02 00:00:00+00:00,2.3320456866563886,34.52826854110625,0.9817000176732137,320.0238398856526
2025-01-03 00:00:00+00:00,2.3218002134377085,34.52935099165292,0.981699443974424,319.9762344199047
2025-01-04 00:00:00+00:00,2.3411676189193753,34.52715210016792,0.981700609386911,320.06622930208397
2025-01-05 00:00:00+00:00,2.355414157090278,34.52538579092,0.9817015455308125,320.1324410722881
2025-01-06 00:00:00+00:00,2.366087147760903,34.52412895417201,0.9817022116542888,320.1820512640789
2025-01-07 00:00:00+00:00,2.3673493291920833,34.524306540505,0.9817021175335323,320.1879185166371
2025-01-08 00:00:00+00:00,2.377976988023773,34.52262760156606,0.98170300737117,320.2373244050549
2025-01-09 00:00:00+00:00,2.382439766514722,34.521979514298884,0.9817033508574216,320.25807268596094
2025-01-10 00:00:00+00:00,2.3958177096952085,34.52030971948472,0.9817042358486731,320.32027525410723
2025-01-11 00:00:00+00:00,2.394751498296111,34.52034571008042,0.9817042167736574,320.3153174267754
2025-01-12 00:00:00+00:00,2.395194232477639,34.519969851193956,0.9817044159788672,320.31737611061413
2025-01-13 00:00:00+00:00,2.3783103478267362,34.52208521052278,0.9817032948384229,320.238874221466
2025-01-14 00:00:00+00:00,2.3916711364011807,34.52021513244556,0.9817042859798039,320.30099422813106
2025-01-15 00:00:00+00:00,2.389619371477361,34.520448743265554,0.9817041621660693,320.2914541102682
2025-01-16 00:00:00+00:00,2.3942277657129165,34.51979617819973,0.9817045080255542,320.3128821186895
2025-01-17 00:00:00+00:00,2.3901169651172918,34.52034696937028,0.9817042161062337,320.2937677582666
2025-01-18 00:00:00+00:00,2.4173181152804863,34.5169040666609,0.9817060408446697,320.42026329978034
2025-01-19 00:00:00+00:00,2.410264774036389,34.51770707151465,0.9817056152520972,320.3874590223388
2025-01-20 00:00:00+00:00,2.406095296931458,34.518020270650695,0.9817054492565551,320.3680684493534
2025-01-21 00:00:00+00:00,2.4040866935274305,34.51829927498229,0.9817053013842594,320.3587275511773
2025-01-22 00:00:00+00:00,2.3687703914533333,34.52232766106882,0.9817031663396335,320.19452442350826
2025-01-23 00:00:00+00:00,2.3707374721225,34.52182264229292,0.9817034339995847,320.20366870364234
2025-01-24 00:00:00+00:00,2.395262897728702,34.519055981064426,0.9817049003300359,320.3176954002512
2025-01-25 00:00:00+00:00,2.4004835405221137,34.518572201056685,0.9817051567334399,320.34197180082015
2025-01-26 00:00:00+00:00,2.382174312402847,34.52071912365021,0.9817040188644653,320.2568385125988
2025-01-27 00:00:00+00:00,2.3976613619650697,34.51870725311979,0.9817050851558465,320.3288482766927
2025-01-28 00:00:00+00:00,2.399913636005903,34.518403750536045,0.9817052460122159,320.3393216327969
2025-01-29 00:00:00+00:00,2.4154007740253878,34.516675772929304,0.9817061618403474,320.4113457172138
2025-01-30 00:00:00+00:00,2.388267775958267,34.519904005045866,0.9817044508773257,320.2851696955635
2025-01-31 00:00:00+00:00,2.4018974035371095,34.518059888570505,0.9817054282590576,320.34854661275614
2025-02-01 00:00:00+00:00,2.3923038917402777,34.519087623542916,0.9817048835595222,320.30393640179955
2025-02-02 00:00:00+00:00,2.373632940967361,34.521204662539795,0.9817037615288539,320.21712909679337
2025-02-03 00:00:00+00:00,2.391669788550556,34.518715794766734,0.9817050806287736,320.3009879609427
2025-02-04 00:00:00+00:00,2.403242373979028,34.51723878462208,0.9817058634441503,320.3548011511557
2025-02-05 00:00:00+00:00,2.4181221320913195,34.51549439750653,0.9817067879693215,320.42400284926657
2025-02-06 00:00:00+00:00,2.424797640401875,34.51438132205451,0.9817073778993111,320.45505246128687
2025-02-07 00:00:00+00:00,2.4329885742763886,34.513643528047226,0.981707768930135,320.4931538144755
2025-02-08 00:00:00+00:00,2.458496097224375,34.51082868672666,0.9817092607960348,320.61182763514256
2025-02-09 00:00:00+00:00,2.4290644133265973,34.514714883328956,0.9817072011118356,320.47489956935186
2025-02-10 00:00:00+00:00,2.4456279949102084,34.51264747532931,0.9817082968380755,320.55195463516077
2025-02-11 00:00:00+00:00,2.44477162712625,34.51270260429333,0.9817082676197245,320.547970405229
2025-02-12 00:00:00+00:00,2.437494239071528,34.51360845046542,0.9817077875212533,320.5141140361802
2025-02-13 00:00:00+00:00,2.4518857513709724,34.51185535907646,0.9817087166596895,320.5810698196336
2025-02-14 00:00:00+00:00,2.4577054840456944,34.51135883869799,0.9817089798154901,320.60814881030126
2025-02-15 00:00:00+00:00,2.443515390592361,34.51317859056118,0.9817080153470026,320.5421258630325
2025-02-16 00:00:00+00:00,2.450490531086528,34.5123210734718,0.98170846983106,320.57457816862467
2025-02-17 00:00:00+00:00,2.4280774960306943,34.51450996440201,0.9817073097188669,320.4703087921397
2025-02-18 00:00:00+00:00,2.4252941536996526,34.514934616425975,0.9817070846532943,320.45736197037496
2025-02-19 00:00:00+00:00,2.4296649363913887,34.514536842374376,0.9817072954735416,320.4776930064853
2025-02-20 00:00:00+00:00,2.4054478832104165,34.51680952777333,0.9817060909502802,320.3650576656198
2025-02-21 00:00:00+00:00,2.3834538394724305,34.519584925341874,0.9817046199895688,320.26278743888355
2025-02-22 00:00:00+00:00,2.3812330895816665,34.51985231992493,0.9817044782704398,320.2524625227346
2025-02-23 00:00:00+00:00,2.365173288497986,34.52177850022562,0.9817034573948804,320.17780323804755
2025-02-24 00:00:00+00:00,2.3957628016160415,34.51818567395347,0.9817053615928046,320.32001993300065
2025-02-25 00:00:00+00:00,2.387463038897639,34.5189937914207,0.981704933290547,320.28142801250885
2025-02-26 00:00:00+00:00,2.364622890643472,34.521688138552015,0.9817035052865675,320.1752447633793
2025-02-27 00:00:00+00:00,2.3960967359622916,34.51797222065521,0.9817054747230527,320.32157272118087
2025-02-28 00:00:00+00:00,2.3823810279529165,34.51958079282792,0.9817046221798013,320.25779959299825
2025-03-01 00:00:00+00:00,2.3616754395583333,34.52177846135194,0.9817034574154835,320.1615440643851
2025-03-02 00:00:00+00:00,2.3483819545266664,34.52325988480826,0.9817026722610516,320.09975714137005
2025-03-03 00:00:00+00:00,2.3551608958161805,34.5227936651875,0.9817029193574506,320.1312639333437
2025-03-04 00:00:00+00:00,2.3501721709722223,34.5229197371968,0.9817028525392857,320.10807738530036
2025-03-05 00:00:00+00:00,2.3108661233225,34.527575713618475,0.9817003848717822,319.92543516305307
2025-03-06 00:00:00+00:00,2.313861382079375,34.527463261985694,0.9817004444711476,319.9393503896252
2025-03-07 00:00:00+00:00,2.3558145709599305,34.52218757441584,0.9817032405855596,320.134302171815
2025-03-08 00:00:00+00:00,2.3654192672311805,34.52082809334271,0.9817039611105284,320.17894665290873
2025-03-09 00:00:00+00:00,2.367339429964236,34.52053490811083,0.9817041164987013,320.18787249974565
2025-03-10 00:00:00+00:00,2.3683937118972915,34.52058606307944,0.981704089386568,320.1927733924072
2025-03-11 00:00:00+00:00,2.354044750783264,34.522170749337846,0.9817032495028509,320.1260762156601
2025-03-12 00:00:00+00:00,2.3525879763372917,34.52231747094306,0.9817031717404002,320.119305385288
2025-03-13 00:00:00+00:00,2.3558023492079863,34.52175121393833,0.9817034718566127,320.1342453657287
2025-03-14 00:00:00+00:00,2.3698053057355555,34.51979428551556,0.9817045090286768,320.1993353589379
2025-03-15 00:00:00+00:00,2.3724615923652084,34.519573313357846,0.9817046261439203,320.21168370554875
2025-03-16 00:00:00+00:00,2.3717459109582637,34.51954243798729,0.9817046425078667,320.2083566642024
2025-03-17 00:00:00+00:00,2.3486923755409026,34.52258272931854,0.9817030311534611,320.10119984834375
2025-03-18 00:00:00+00:00,2.3660446340125003,34.52034395356041,0.981704217704613,320.18185364025004
2025-03-19 00:00:00+00:00,2.3801679044365973,34.5183604112125,0.9817052689820573,320.2475102538573
2025-03-20 00:00:00+00:00,2.3827889297139584,34.51802512522708,0.9817054466836297,320.2596960526454
2025-03-21 00:00:00+00:00,2.379853564189727,34.51813076102397,0.9817053906966573,320.2460488311764
2025-03-22 00:00:00+00:00,2.382865876297361,34.51774046317736,0.981705597554516,320.2600538017153
2025-03-23 00:00:00+00:00,2.3860732678690972,34.51715498432597,0.9817059078583072,320.27496624898583
2025-03-24 00:00:00+00:00,2.377281240610625,34.51840461077417,0.9817052455562897,320.23408983775516
2025-03-25 00:00:00+00:00,2.3851399008582637,34.517427832042294,0.9817057632490176,320.2706265984217
2025-03-26 00:00:00+00:00,2.3663547307640362,34.519503752858874,0.9817046630109848,320.18329511739483
2025-03-27 00:00:00+00:00,2.3796943937366666,34.517625263196734,0.9817056586105057,320.24530882186195
2025-03-28 00:00:00+00:00,2.3893827619494443,34.51650784951715,0.9817062508397559,320.29035395759604
2025-03-29 00:00:00+00:00,2.394910227790764,34.51569521899792,0.9817066815339311,320.31605550699106
2025-03-30 00:00:00+00:00,2.3927635296741667,34.51568180238889,0.9817066886447339,320.3060736301793
2025-03-31 00:00:00+00:00,2.3957261165375,34.515488513091114,0.9817067910880617,320.31984934844684
2025-04-01 00:00:00+00:00,2.3872679645970587,34.51633901162856,0.9817063403238369,320.28052100540333
2025-04-02 00:00:00+00:00,2.384831660653264,34.516514534820345,0.9817062472965452,320.2691934582715
2025-04-03 00:00:00+00:00,2.3857719726454167,34.5161771655066,0.9817064261022815,320.27356538472634
2025-04-04 00:00:00+00:00,2.381687410034167,34.51582872777605,0.9817066107742787,320.2545747711635
2025-04-05 00:00:00+00:00,2.3786235800156943,34.516251762776946,0.9817063865657282,320.2403304681143
2025-04-06 00:00:00+00:00,2.3760184396584725,34.51647711828882,0.9817062671273069,320.2282190705249
2025-04-07 00:00:00+00:00,2.3664033438510415,34.517554179776944,0.9817056962847183,320.183521094579
2025-04-08 00:00:00+00:00,2.3851908093277085,34.515126772353405,0.9817069828106527,320.27086329406666
2025-04-09 00:00:00+00:00,2.3714597548209024,34.51672759947611,0.9817061343722777,320.2070263961547
2025-04-10 00:00:00+00:00,2.3816243771840973,34.51563943184729,0.981706711101121,320.2542817151908
2025-04-11 00:00:00+00:00,2.3933650718769446,34.51425584825764,0.9817074444004235,320.3088707023954
2025-04-12 00:00:00+00:00,2.367844473902361,34.51751803423139,0.9817057154418574,320.1902202196973
2025-04-13 00:00:00+00:00,2.3418754269708333,34.52036235094333,0.981704207954,320.06951864640877
2025-04-14 00:00:00+00:00,2.3532406393697918,34.51917699092604,0.9817048361948092,320.1223388345282
2025-04-15 00:00:00+00:00,2.3759396210760415,34.51634676443673,0.9817063362148485,320.22785264526175
2025-04-16 00:00:00+00:00,2.391160958337014,34.51450732313007,0.9817073111187411,320.29862202669005
2025-04-17 00:00:00+00:00,2.408497747909236,34.51245977457577,0.9817083963194748,320.3792411819922
2025-04-18 00:00:00+00:00,2.4091511287094445,34.512229664145416,0.981708518278003,320.382279816492
2025-04-19 00:00:00+00:00,2.406956030541389,34.51196539809174,0.9817086583390113,320.37207130555265
2025-04-20 00:00:00+00:00,2.399727881101597,34.51253370214465,0.9817083571378633,320.3384578395321
2025-04-21 00:00:00+00:00,2.3938041759918054,34.51274135521049,0.9817082470817384,320.3109124758103
2025-04-22 00:00:00+00:00,2.3722026876025692,34.51526189566465,0.9817069111952977,320.2104801127436
2025-04-23 00:00:00+00:00,2.357563933496458,34.51650890213771,0.981706250281867,320.1424331985923
2025-04-24 00:00:00+00:00,2.3706640718661114,34.51494501145562,0.9817070791439285,320.2033274876276
2025-04-25 00:00:00+00:00,2.381945350220139,34.51384274465854,0.981707663345331,320.2557740036924
2025-04-26 00:00:00+00:00,2.388600359983611,34.51275717485063,0.9817082386973291,320.28671607857206
2025-04-27 00:00:00+00:00,2.3853086948156945,34.512365489164516,0.9817084462907428,320.27141139554345
2025-04-28 00:00:00+00:00,2.386652649508542,34.512036628980695,0.9817086205866402,320.277660081675
2025-04-29 00:00:00+00:00,2.397999881333889,34.5107025487018,0.9817093276491881,320.33042241771534
2025-04-30 00:00:00+00:00,2.3853564458075,34.511599278564724,0.9817088523823607,320.271633411104
2025-05-01 00:00:00+00:00,2.352234683043472,34.5153974489866,0.9817068393520371,320.117663356629
2025-05-02 00:00:00+00:00,2.3541675870924306,34.5148487271,0.981707130174637,320.1266471420435
2025-05-03 00:00:00+00:00,2.3679014811965975,34.513280204800694,0.9817079614914557,320.1904852215348
2025-05-04 00:00:00+00:00,2.3816822292305555,34.511501609894445,0.9817089041467559,320.254550684264
2025-05-05 00:00:00+00:00,2.338656864365,34.515926627181805,0.9817065588875936,320.0545614614905
2025-05-06 00:00:00+00:00,2.3197058967144444,34.51797390568222,0.9817054738299884,319.9665038567596
2025-05-07 00:00:00+00:00,2.345074098814792,34.51504427341125,0.981707026535092,320.0843839151077
2025-05-08 00:00:00+00:00,2.354754797138819,34.51458828814507,0.9817072682072832,320.1293764246668
2025-05-09 00:00:00+00:00,2.3643517246269443,34.513537537857985,0.9817078251049353,320.17398427830403
2025-05-10 00:00:00+00:00,2.391116975877014,34.51039962807514,0.9817094881971202,320.2984175197785
2025-05-11 00:00:00+00:00,2.398759413480486,34.50891669893521,0.9817102741495644,320.33395432154975
2025-05-12 00:00:00+00:00,2.4021328664485417,34.50808936988702,0.9817107126339599,320.34964158323316
2025-05-13 00:00:00+00:00,2.3917888770855975,34.50897103353322,0.9817102453522274,320.3015416949779
2025-05-14 00:00:00+00:00,2.3881534276472918,34.50939646322944,0.9817100198744884,320.2846380228391
2025-05-15 00:00:00+00:00,2.3915059679700694,34.508855596752774,0.981710306533721,320.30022623445666
2025-05-16 00:00:00+00:00,2.384564677570486,34.50987481477653,0.9817097663481684,320.2679521439622
2025-05-17 00:00:00+00:00,2.3664995689584027,34.51171284254667,0.9817087921934503,320.1839683958568
2025-05-18 00:00:00+00:00,2.3642927974311805,34.51192037835889,0.9817086821994698,320.1737103622792
2025-05-19 00:00:00+00:00,2.3706007408389587,34.51091244956139,0.9817092164017325,320.20303308069145
2025-05-20 00:00:00+00:00,2.3613057539019446,34.51166889330889,0.9817088154865463,320.15982567779184
2025-05-21 00:00:00+00:00,2.352426222157708,34.51269417061306,0.9817082720895751,320.1185535870505
2025-05-22 00:00:00+00:00,2.3795227101116665,34.509545700974655,0.9817099407784834,320.2445106382143
2025-05-23 00:00:00+00:00,2.391352363676597,34.50796547888958,0.9817107782961885,320.2995120124938
2025-05-24 00:00:00+00:00,2.407683535855486,34.505807544361666,0.9817119220014883,320.3754546105613
2025-05-25 00:00:00+00:00,2.4098517995702777,34.50539959104875,0.9817121382167442,320.3855384037402
2025-05-26 00:00:00+00:00,2.4066104774325696,34.50574702492625,0.9817119540767891,320.3704643004737
2025-05-27 00:00:00+00:00,2.3818067256751387,34.50868250246222,0.981710398273695,320.25512950089416
2025-05-28 00:00:00+00:00,2.3736637731120833,34.50949270511091,0.9817099688662912,320.21727243088657
2025-05-29 00:00:00+00:00,2.3656350822767362,34.51051525050327,0.9817094269172333,320.17994985650927
2025-05-30 00:00:00+00:00,2.376777717562917,34.508995165822014,0.9817102325621143,320.2317489471957
2025-05-31 00:00:00+00:00,2.3794449734347225,34.50864276326076,0.9817104193354718,320.24414922890645
2025-06-01 00:00:00+00:00,2.365479649693472,34.50994572619472,0.9817097287651168,320.17922733701107
2025-06-02 00:00:00+00:00,2.356522307652986,34.51083507856493,0.9817092574083606,320.13759170914483
2025-06-03 00:00:00+00:00,2.3717157978927084,34.509122202338055,0.9817101652327608,320.2082166759248
2025-06-04 00:00:00+00:00,2.385056840465972,34.50753510226861,0.9817110063957977,320.27024041476636
2025-06-05 00:00:00+00:00,2.3908272982393055,34.50686853090681,0.9817113596786194,320.2970705971318
2025-06-06 00:00:00+00:00,2.3959166253213193,34.506791445190274,0.9817114005340492,320.3207352095209
2025-06-07 00:00:00+00:00,2.401915192775625,34.50607066684229,0.9817117825465735,320.34862933774986
2025-06-08 00:00:00+00:00,2.394744854708958,34.50670765875632,0.9817114449408592,320.3152865346225
2025-06-09 00:00:00+00:00,2.398087556144514,34.506227975950836,0.981711699172746,320.33083011325357
2025-06-10 00:00:00+00:00,2.4078386314052085,34.50498232731972,0.9817123593665206,320.3761758947375
2025-06-11 00:00:00+00:00,2.4080831552938196,34.504841092857156,0.9817124342207857,320.37731307498274
2025-06-12 00:00:00+00:00,2.4135951806131946,34.50411186839139,0.9817128207097525,320.40294804570175
2025-06-13 00:00:00+00:00,2.397069541728264,34.50599168770479,0.9817118244055164,320.3260962811485
2025-06-14 00:00:00+00:00,2.3973613626235415,34.50585955492375,0.9817118944358905,320.3274532615997
2025-06-15 00:00:00+00:00,2.389102621448333,34.50657325400785,0.9817115161753759,320.28905140458136
2025-06-16 00:00:00+00:00,2.3961536623911805,34.50549306583125,0.9817120886751094,320.32183742852504
2025-06-17 00:00:00+00:00,2.402212325390278,34.50498571374771,0.9817123575717137,320.3500110908723
2025-06-18 00:00:00+00:00,2.3983563529315277,34.505115707251946,0.9817122886751565,320.3320800442499
2025-06-19 00:00:00+00:00,2.3823707632446527,34.50647719666639,0.9817115670857668,320.2577518693485
2025-06-20 00:00:00+00:00,2.390641894112014,34.50522845450764,0.9817122289191109,320.2962085203284
2025-06-21 00:00:00+00:00,2.400487328189653,34.50420377412771,0.9817127719997123,320.3419894142737
2025-06-22 00:00:00+00:00,2.4185179234896528,34.50220565750118,0.9817138310015244,320.4258437202121
2025-06-23 00:00:00+00:00,2.419140152402986,34.502399892570345,0.9817137280569377,320.4287377939085
2025-06-24 00:00:00+00:00,2.4139612100830554,34.50278055206375,0.9817135263074062,320.4046504063465
2025-06-25 00:00:00+00:00,2.4093579757790278,34.50321225806514,0.9817132975032254,320.38324179086413
2025-06-26 00:00:00+00:00,2.4001636910580557,34.503970075956666,0.981712895859743,320.34048443591684
2025-06-27 00:00:00+00:00,2.402996870312083,34.44107289487917,0.981746231365714,320.35365947454017
2025-06-28 00:00:00+00:00,2.404654085703611,34.45099179699555,0.9817409743475923,320.3613661561669
2025-06-29 00:00:00+00:00,2.4070637782197917,34.463410756381876,0.9817343922991176,320.3725723905935
2025-06-30 00:00:00+00:00,2.408638137816389,34.46664333046722,0.9817326790348524,320.3798940821448
2025-07-01 00:00:00+00:00,2.4087723307253475,34.470214090265834,0.9817307865321591,320.3805181633444
2025-07-02 00:00:00+00:00,2.4094990107860417,34.47277076508389,0.9817294314945055,320.38389769727604
2025-07-03 00:00:00+00:00,2.410287251696875,34.47447074718007,0.9817285305039946,320.3875635593472
2025-07-04 00:00:00+00:00,2.398023985177153,34.47759947188452,0.9817268722799012,320.33053450265606
2025-07-05 00:00:00+00:00,2.408076495774097,34.478306626245484,0.9817264974880899,320.37728210424973
2025-07-06 00:00:00+00:00,2.416121565814514,34.47808531435722,0.9817266147833906,320.41469810866255
2025-07-07 00:00:00+00:00,2.4170126101144445,34.47954829409312,0.9817258394041306,320.418842378263
2025-07-08 00:00:00+00:00,2.408022051427639,34.482000759419584,0.9817245395975076,320.3770289056965
2025-07-09 00:00:00+00:00,2.4134560122,34.48265251442639,0.981724194167354,320.4023007913205
2025-07-10 00:00:00+00:00,2.4267359254052083,34.48258811049444,0.9817242283014379,320.4640683768347
2025-07-11 00:00:00+00:00,2.4336807233839584,34.48323017136528,0.9817238880091764,320.4963736051782
2025-07-12 00:00:00+00:00,2.4208106899720834,34.48680742036229,0.981721992067208,320.4365077947426
2025-07-13 00:00:00+00:00,2.4164156883486805,34.487680797377706,0.9817215291773899,320.4160660755714
2025-07-14 00:00:00+00:00,2.4216002421079863,34.4873308591416,0.981721714644655,320.4401802071561
2025-07-15 00:00:00+00:00,2.424798844406667,34.48720917968986,0.9817217791347643,320.4550580616454
2025-07-16 00:00:00+00:00,2.427355506987847,34.487456875267014,0.9817216478561085,320.4669503952115
2025-07-17 00:00:00+00:00,2.429637077862361,34.48766989662868,0.9817215349547868,320.4775634173046
2025-07-18 00:00:00+00:00,2.433892815929722,34.492234600942986,0.9817191156615002,320.49736023791445
2025-07-19 00:00:00+00:00,2.439391447675,34.494739317785836,0.9817177881615735,320.5229401030619
2025-07-20 00:00:00+00:00,2.4448505380688195,34.493866765412704,0.9817182506143313,320.54833753488373
2025-07-21 00:00:00+00:00,2.4505136360479165,34.49292765499479,0.9817187483428528,320.57468567009045
2025-07-22 00:00:00+00:00,2.444547268700486,34.49360729356361,0.9817183881344113,320.5469265893426
2025-07-23 00:00:00+00:00,2.441767796441111,34.49401678236896,0.9817181711053444,320.5339954508881
2025-07-24 00:00:00+00:00,2.4381155271015276,34.49438987536,0.9817179733660591,320.5170043306969
2025-07-25 00:00:00+00:00,2.4339392324251388,34.495137019650834,0.9817175773795851,320.497576162987
2025-07-26 00:00:00+00:00,2.4305857530824304,34.49568348657181,0.981717287752117,320.4819763804124
2025-07-27 00:00:00+00:00,2.4379002196381943,34.49449750448354,0.9817179163226237,320.51600269646985
2025-07-28 00:00:00+00:00,2.4335476144114243,34.49490817334501,0.9817176986681272,320.49575439707456
2025-07-29 00:00:00+00:00,2.4373051482711103,34.49433813496013,0.9817180007884712,320.51323437060364
2025-07-30 00:00:00+00:00,2.440273772116839,34.49386258175919,0.9817182528316676,320.5270448558736
2025-07-31 00:00:00+00:00,2.442427170360887,34.49384584555759,0.9817182617018545,320.53706306814234
2025-08-01 00:00:00+00:00,2.4440791723595083,34.49363221876528,0.9817183749240544,320.544748803713
2025-08-02 00:00:00+00:00,2.415682577961701,34.49638127922798,0.9817169179220092,320.41265637982565
2025-08-03 00:00:00+00:00,2.43250505492701,34.49463340174806,0.9817178442970735,320.49090455759364
2025-08-04 00:00:00+00:00,2.4493509563478444,34.49302293179067,0.981718697846151,320.5692760528757
2025-08-05 00:00:00+00:00,2.4504268519207524,34.492871675597726,0.9817187780119332,320.57428188592064
2025-08-06 00:00:00+00:00,2.4311557199774043,34.49515941793979,0.9817175655084919,320.4846277236944
2025-08-07 00:00:00+00:00,2.4380791848798444,34.49404460212228,0.9817181563608752,320.51683526248155
2025-08-08 00:00:00+00:00,2.4286455523178607,34.49490852667003,0.9817176984808649,320.4729511755729
2025-08-09 00:00:00+00:00,2.40905944997554,34.49664823265664,0.981716776436692,320.3818534510166
2025-08-10 00:00:00+00:00,2.414836575059105,34.4961139511393,0.9817170596058962,320.40872165491356
2025-08-11 00:00:00+00:00,2.4208646707457198,34.49550571199999,0.98171738197264,320.4367588723606
2025-08-12 00:00:00+00:00,2.4243614363974695,34.494944434639194,0.9817176794496413,320.45302348844285
2025-08-13 00:00:00+00:00,2.430056756223294,34.49405019461021,0.9817181533968566,320.47951563419826
2025-08-14 00:00:00+00:00,2.4345545119488214,34.493520074860946,0.9817184343603237,320.5004383944647
2025-08-15 00:00:00+00:00,2.4397531537692547,34.492737184699806,0.9817188492921091,320.5246228286328
2025-08-16 00:00:00+00:00,2.444473281993772,34.49220465810999,0.9817191315312017,320.5465823706035
2025-08-17 00:00:00+00:00,,,,
2025-08-18 00:00:00+00:00,,,,
2025-08-19 00:00:00+00:00,,,,
2025-08-20 00:00:00+00:00,,,,
2025-08-21 00:00:00+00:00,,,,
2025-08-22 00:00:00+00:00,,,,
2025-08-23 00:00:00+00:00,,,,
2025-08-24 00:00:00+00:00,,,,
2025-08-25 00:00:00+00:00,2.4177698194631625,34.521181692117686,0.9817037737031776,320.42236420971426
2025-08-26 00:00:00+00:00,2.4240887054922884,34.52112455455436,0.9817038039860861,320.4517549043415
2025-08-27 00:00:00+00:00,2.430124634043046,34.5208576125079,0.9817039454653708,320.47983138213885
2025-08-28 00:00:00+00:00,2.436096930048206,34.52062323927714,0.9817040696831831,320.50761368523
2025-08-29 00:00:00+00:00,2.4424842647845884,34.5203112918531,0.9817042350153179,320.53732869060184
2025-08-30 00:00:00+00:00,2.4457819410491175,34.52045733660869,0.9817041576115974,320.5526708697027
2025-08-31 00:00:00+00:00,2.448985882698405,34.52029968625677,0.981704241166284,320.56757748337515
2025-09-01 00:00:00+00:00,2.4521895109021963,34.520240243380954,0.9817042726710081,320.58248315853314
2025-09-02 00:00:00+00:00,2.452315987231195,34.520033793019664,0.9817043820896996,320.58307163170304
2025-09-03 00:00:00+00:00,2.43939704161156,34.52151684156434,0.981703596073971,320.52296612706874
2025-09-04 00:00:00+00:00,2.4420622739489306,34.52128813736841,0.9817037172871947,320.5353654512213
2025-09-05 00:00:00+00:00,2.4500621174063757,34.52083118524672,0.9817039594718192,320.5725848744285
2025-09-06 00:00:00+00:00,2.446654008140139,34.52147267547901,0.9817036194819961,320.55672818524016
2025-09-07 00:00:00+00:00,2.4370850198796226,34.52231245966519,0.9817031743963774,320.5122103179442
2025-09-08 00:00:00+00:00,2.429533303747295,34.523441097609094,0.9817025762182672,320.4770806928608
2025-09-09 00:00:00+00:00,2.4298860787089174,34.523328854278326,0.9817026357072325,320.47872169291014
2025-09-10 00:00:00+00:00,2.4318556988916553,34.52310831448504,0.981702752593323,320.4878838728438
2025-09-11 00:00:00+00:00,2.4300106020849213,34.523414475891244,0.9817025903277776,320.47930093865943
2025-09-12 00:00:00+00:00,2.4329690536243405,34.52316341191471,0.9817027233916852,320.4930630072059
2025-09-13 00:00:00+00:00,2.4376594083680843,34.52265031921286,0.9817029953308172,320.51488241848256
2025-09-14 00:00:00+00:00,2.419312984222709,34.52480057722641,0.98170185569407,320.42954166235205
2025-09-15 00:00:00+00:00,2.40742315092851,34.52610797994163,0.9817011627706309,320.37424367250964
2025-09-16 00:00:00+00:00,2.390537546619161,34.52771002758316,0.9817003136853809,320.2957233347365
2025-09-17 00:00:00+00:00,2.381491870527031,34.52816411395499,0.9817000730196038,320.2536656582317
2025-09-18 00:00:00+00:00,2.3732715417284362,34.52891001507997,0.9816996776920076,320.21544900862364
2025-09-19 00:00:00+00:00,2.382506360432322,34.52841205785741,0.9816999416093356,320.25838230100965
2025-09-20 00:00:00+00:00,2.3874799121289896,34.52772485784143,0.9817003058253441,320.28150646547954
2025-09-21 00:00:00+00:00,2.392374541634665,34.5272537953582,0.9817005554884601,320.3042649095845
2025-09-22 00:00:00+00:00,2.3968505323700207,34.52684967206804,0.9817007696738039,320.32507788049185
2025-09-23 00:00:00+00:00,2.4010903045346876,34.52650773527421,0.9817009509003046,320.3447933908204
2025-09-24 00:00:00+00:00,2.4078496958785323,34.52583705778995,0.9817013063593714,320.3762273509965
2025-09-25 00:00:00+00:00,2.407262260738414,34.52609147546097,0.9817011715180057,320.37349544330596
2025-09-26 00:00:00+00:00,2.4111126413730335,34.525455486472225,0.9817015085921698,320.39140222243043
2025-09-27 00:00:00+00:00,2.4018990183675326,34.525918046245394,0.9817012634354899,320.3485541221739
2025-09-28 00:00:00+00:00,2.39314104574415,34.526784273305395,0.9817008043351482,320.3078290156166
2025-09-29 00:00:00+00:00,2.397269002109479,34.52627722305233,0.9817010730717822,320.3270237805371
2025-09-30 00:00:00+00:00,2.4011535673662325,34.52547478534808,0.9817014983637655,320.34508757837966
2025-10-01 00:00:00+00:00,2.397475497900152,34.5263937885318,0.9817010112920781,320.3279839970059
2025-10-02 00:00:00+00:00,2.3562249221860267,34.53076191921941,0.9816986961828137,320.1362094679948
2025-10-03 00:00:00+00:00,2.3775058748872877,34.52906260757323,0.9816995968179862,320.2351341719609
2025-10-04 00:00:00+00:00,2.376323475797153,34.52881651166796,0.9816997272488159,320.2296371774929
2025-10-05 00:00:00+00:00,2.3724482009629964,34.52894761483101,0.9816996577641396,320.211621451704
2025-10-06 00:00:00+00:00,2.374454448986632,34.529306919850086,0.9816994673324795,320.2209481828467
2025-10-07 00:00:00+00:00,2.372047367368397,34.529891489734304,0.9816991575104408,320.2097580638602
2025-10-08 00:00:00+00:00,2.3813434785334904,34.52884775210211,0.9816997106913858,320.25297574738084
2025-10-09 00:00:00+00:00,2.394402068316704,34.526783804574556,0.9817008045835754,320.3136926081388
2025-10-10 00:00:00+00:00,2.405670899315688,34.524986231955054,0.9817017572970638,320.3660947948759
2025-10-11 00:00:00+00:00,2.4002561275866268,34.52517545361144,0.9817016570095859,320.34091428399717
2025-10-12 00:00:00+00:00,2.407086409495339,34.524420502700686,0.9817020571335686,320.37267763835257
2025-10-13 00:00:00+00:00,2.3938966288034895,34.526426114327684,0.9817009941594064,320.3113423698441
2025-10-14 00:00:00+00:00,2.3996104511858762,34.52571153343189,0.9817013728872811,320.3379117704891
2025-10-15 00:00:00+00:00,2.399940421938423,34.52555780369481,0.9817014543640418,320.3394461922799
2025-10-16 00:00:00+00:00,2.3978510295465854,34.525888420217136,0.9817012791372849,320.3297302447759
2025-10-17 00:00:00+00:00,2.405624035193058,34.52502113267079,0.9817017387996845,320.36587685456533
2025-10-18 00:00:00+00:00,2.413521072141542,34.52431692191598,0.9817021120313846,320.40260337661437
2025-10-19 00:00:00+00:00,2.4160575440018066,34.524222050212686,0.9817021623133872,320.41440034313865
2025-10-20 00:00:00+00:00,2.4254561422011993,34.522937703014726,0.9817028430174022,320.4581154552445
2025-10-21 00:00:00+00:00,2.4251876082104533,34.52279052834666,0.9817029210199762,320.4568663778118
2025-10-22 00:00:00+00:00,2.422785628435152,34.52311627480312,0.9817027483743543,320.4456938066541
2025-10-23 00:00:00+00:00,2.4126165313111967,34.52448956128085,0.9817020205325212,320.3983964945309
2025-10-24 00:00:00+00:00,2.4080003361938735,34.5249421041574,0.9817017806847966,320.3769279170017
2025-10-25 00:00:00+00:00,2.409868465337515,34.524639408228204,0.9817019411136391,320.3856159109861
2025-10-26 00:00:00+00:00,2.3955950316466113,34.52588984123016,0.981701278384148,320.319239808054
2025-10-27 00:00:00+00:00,2.3487198554287785,34.531306260357674,0.9816984076820104,320.10132756359815
2025-10-28 00:00:00+00:00,2.3810612652370646,34.52768061711076,0.9817003292729313,320.2516636714772
2025-10-29 00:00:00+00:00,2.3727677716066333,34.52825784417829,0.9817000233425855,320.21310707166225
2025-10-30 00:00:00+00:00,2.332976572005637,34.53291558827829,0.9816975547382125,320.02816549624845
2025-10-31 00:00:00+00:00,2.3417696525785727,34.532092276997034,0.9816979910931916,320.0690270872401
2025-11-01 00:00:00+00:00,2.366306657705662,34.52906064750187,0.981699597856824,320.18307165064306
2025-11-02 00:00:00+00:00,2.3760566585222214,34.52827903242333,0.9817000121128157,320.2283967490074
2025-11-03 00:00:00+00:00,2.381582346322339,34.527447703881606,0.9817004527169427,320.2540863029887
2025-11-04 00:00:00+00:00,2.3883703022962104,34.52664073837325,0.9817008804086622,320.2856464015274
2025-11-05 00:00:00+00:00,2.4060233693417317,34.52443367879889,0.9817020501502366,320.36773395057986
2025-11-06 00:00:00+00:00,2.4042373410128373,34.52463455655924,0.9817019436850236,320.35942812182606
2025-11-07 00:00:00+00:00,2.4151304651550243,34.523208953788924,0.9817026992544918,320.41008852162634
2025-11-08 00:00:00+00:00,2.4134001970212906,34.52344311210039,0.9817025751505868,320.4020412023822
2025-11-09 00:00:00+00:00,2.372016397649152,34.52806550024017,0.9817001252848727,320.20961409273724
2025-11-10 00:00:00+00:00,2.3593471326841247,34.52976042342719,0.9816992269755835,320.1507216573356
2025-11-11 00:00:00+00:00,2.365614907868936,34.529477971238435,0.9816993766752437,320.179856076856
2025-11-12 00:00:00+00:00,2.3691732282925084,34.5284436760894,0.9816999248516726,320.19639705719976
2025-11-13 00:00:00+00:00,2.3764138421766083,34.52746196678139,0.9817004451576059,320.2300572899057
2025-11-14 00:00:00+00:00,2.35590608507526,34.529715310335654,0.9816992508855221,320.1347275250454
2025-11-15 00:00:00+00:00,2.3655667510692973,34.528945276336785,0.9816996590035415,320.17963222263813
2025-11-16 00:00:00+00:00,2.372862280282038,34.5277811033729,0.9817002760152124,320.2135464245683
2025-11-17 00:00:00+00:00,2.383718304432216,34.5258676221875,0.9817012901602407,320.2640170305131
2025-11-18 00:00:00+00:00,2.406260755937043,34.52358708342672,0.9817024988457839,320.3688379163429
2025-11-19 00:00:00+00:00,2.3979751377642757,34.52408550979153,0.9817022346798104,320.3303073580228
2025-11-20 00:00:00+00:00,2.417701173004091,34.52149252505855,0.9817036089617189,320.4220449292338
2025-11-21 00:00:00+00:00,2.406717497499527,34.52291039861515,0.981702857488734,320.3709619998531
2025-11-22 00:00:00+00:00,2.410530405527718,34.52250842266175,0.9817030705359893,320.3886943981529
2025-11-23 00:00:00+00:00,2.408430052043747,34.52271150339266,0.9817029629032019,320.37892635458246
2025-11-24 00:00:00+00:00,2.384850055996335,34.52569271690026,0.9817013828600428,320.26927898593027
2025-11-25 00:00:00+00:00,2.412161401317746,34.52218890109752,0.9817032398824184,320.39627976969126
2025-11-26 00:00:00+00:00,2.386042548210951,34.524846267295324,0.9817018314783335,320.27482341852846
2025-11-27 00:00:00+00:00,2.3943956161134405,34.52419332131753,0.9817021775397017,320.31366260602
2025-11-28 00:00:00+00:00,2.3832125901757424,34.525553839252716,0.981701456465196,320.26166578821375
2025-11-29 00:00:00+00:00,2.3563260312926677,34.529086453235884,0.981699584179785,320.1366794204102
2025-11-30 00:00:00+00:00,2.401654274297491,34.523659851867365,0.9817024602785103,320.34741599458636
2025-12-01 00:00:00+00:00,2.4013681330517094,34.523646148507936,0.9817024675412908,320.3460853625327
2025-12-02 00:00:00+00:00,2.4018656399943628,34.52343172953377,0.9817025811833471,320.3483989033322
2025-12-03 00:00:00+00:00,2.396859800642559,34.52383013583353,0.9817023700280082,320.32512097821217
2025-12-04 00:00:00+00:00,2.4024965267210803,34.522712289028966,0.9817029624868147,320.3513327139439
2025-12-05 00:00:00+00:00,2.395568744487133,34.52352786247456,0.9817025302328884,320.31911757373945
2025-12-06 00:00:00+00:00,2.398802912072533,34.52324715667458,0.9817026790069625,320.3341565954316
2025-12-07 00:00:00+00:00,2.4031591500098113,34.5226477145174,0.9817029967113058,320.3544141306902
2025-12-08 00:00:00+00:00,2.3861270631877205,34.52477100424198,0.9817018713677518,320.2752163693957
2025-12-09 00:00:00+00:00,2.382208453887091,34.5252616109458,0.9817016113461987,320.25699724608756
2025-12-10 00:00:00+00:00,2.382773158153166,34.52531729558533,0.9817015818333398,320.25962272569427
2025-12-11 00:00:00+00:00,2.376060862936773,34.52593153052101,0.9817012562888239,320.2284162952235
2025-12-12 00:00:00+00:00,2.384802397274196,34.524859128655926,0.9817018246618123,320.2690574005939
2025-12-13 00:00:00+00:00,2.380688151679775,34.52537929906156,0.9817015489714974,320.249928985098
2025-12-14 00:00:00+00:00,2.3844530670772204,34.525151085838885,0.9817016699245054,320.2674332218816
2025-12-15 00:00:00+00:00,2.3981819829085533,34.523422942569496,0.9817025858404381,320.3312692064011
2025-12-16 00:00:00+00:00,2.4140583103814275,34.52136058104101,0.9817036788920482,320.40510200971966
2025-12-17 00:00:00+00:00,2.438837088362865,34.51824787943021,0.981705328623902,320.5203611309244
2025-12-18 00:00:00+00:00,2.43570002208591,34.51869521062796,0.9817050915383672,320.5057672677154
2025-12-19 00:00:00+00:00,2.4265902339422984,34.51968224442354,0.9817045684104555,320.46339068767145
2025-12-20 00:00:00+00:00,2.407261449497494,34.52194468878484,0.9817033693149441,320.3734916705859
2025-12-21 00:00:00+00:00,2.3978920292379913,34.52299669004823,0.9817028117542744,320.32992089656966
2025-12-22 00:00:00+00:00,2.4255366904264553,34.51958220883568,0.9817046214293171,320.458490123499
2025-12-23 00:00:00+00:00,2.4224225712894754,34.519962553139,0.9817044198468363,320.4440051076954
2025-12-24 00:00:00+00:00,2.4128988344470037,34.52098820765043,0.9817038762499453,320.39970943911203
2025-12-25 00:00:00+00:00,2.405974455187556,34.52207092277511,0.9817033024109292,320.36750647578384
2025-12-26 00:00:00+00:00,2.3983798091555335,34.52315580240257,0.9817027274247266,320.3321891181285
2025-12-27 00:00:00+00:00,2.405132792432575,34.522164095347584,0.9817032530294658,320.36359235033996
2025-12-28 00:00:00+00:00,2.3849681161542806,34.524011552993635,0.9817022738769133,320.26982789748837
2025-12-29 00:00:00+00:00,2.398603943929363,34.52228054372809,0.9817031913118242,320.33323136951685
2025-12-30 00:00:00+00:00,2.406108595421983,34.521479802785024,0.9817036157045239,320.36813029392295
2025-12-31 00:00:00+00:00,2.4243565014244903,34.51941906283996,0.9817047078966948,320.45300053381146
